{
    "currentTime": 1630340134,
    "vMetricType": "VM Level",
    "vKernelInfo": "Linux f9ecc23c37d6 5.11.0-27-generic #29~20.04.1-Ubuntu SMP Wed Aug 11 15:58:17 UTC 2021 x86_64 Linux",
    "vCpuTime": 226764.00000000003,
    "vDiskSectorReads": 5586879.0,
    "vDiskSectorWrites": 12071186.0,
    "vNetworkBytesRecvd": 220,
    "vNetworkBytesSent": 0,
    "vPgFault": 27926470,
    "vMajorPageFault": 17035,
    "vCpuTimeUserMode": 126663.00000000001,
    "vCpuTimeKernelMode": 100101.0,
    "vCpuIdleTime": 19653329.0,
    "vCpuTimeIOWait": 1396.0,
    "vCpuTimeIntSrvc": 0.0,
    "vCpuTimeSoftIntSrvc": 3506.0,
    "vCpuContextSwitches": 3248654100,
    "vCpuNice": 6394.0,
    "vCpuSteal": 0.0,
    "vBootTime": 1630238637.0,
    "vDiskSuccessfulReads": 60647,
    "vDiskMergedReads": 26192,
    "vDiskReadTime": 28017,
    "vDiskSuccessfulWrites": 125344,
    "vDiskMergedWrites": 242442,
    "vDiskWriteTime": 97280,
    "vMemoryTotal": 4090962,
    "vMemoryFree": 290030,
    "vMemoryBuffers": 120504,
    "vMemoryCached": 1825051,
    "vLoadAvg": 0.5234375,
    "vId": "unavailable",
    "vCpuType": "Intel(R) Core(TM) i7-10875H CPU @ 2.30GHz",
    "vCpuMhz": 2304.006,
    "VM_Write_Time": 0.010734
}