{
    "currentTime": 1630340144,
    "vMetricType": "VM Level",
    "vKernelInfo": "Linux f9ecc23c37d6 5.11.0-27-generic #29~20.04.1-Ubuntu SMP Wed Aug 11 15:58:17 UTC 2021 x86_64 Linux",
    "vCpuTime": 226850.0,
    "vDiskSectorReads": 5588663.0,
    "vDiskSectorWrites": 12071322.0,
    "vNetworkBytesRecvd": 2710,
    "vNetworkBytesSent": 0,
    "vPgFault": 27967030,
    "vMajorPageFault": 17042,
    "vCpuTimeUserMode": 126725.0,
    "vCpuTimeKernelMode": 100125.0,
    "vCpuIdleTime": 19655130.0,
    "vCpuTimeIOWait": 1396.0,
    "vCpuTimeIntSrvc": 0.0,
    "vCpuTimeSoftIntSrvc": 3507.0,
    "vCpuContextSwitches": 3248993700,
    "vCpuNice": 6394.0,
    "vCpuSteal": 0.0,
    "vBootTime": 1630238637.0,
    "vDiskSuccessfulReads": 60647,
    "vDiskMergedReads": 26192,
    "vDiskReadTime": 28021,
    "vDiskSuccessfulWrites": 125346,
    "vDiskMergedWrites": 242457,
    "vDiskWriteTime": 97281,
    "vMemoryTotal": 4090962,
    "vMemoryFree": 293409,
    "vMemoryBuffers": 120504,
    "vMemoryCached": 1826062,
    "vLoadAvg": 0.44287109375,
    "vId": "unavailable",
    "vCpuType": "Intel(R) Core(TM) i7-10875H CPU @ 2.30GHz",
    "vCpuMhz": 2304.006,
    "VM_Write_Time": 0.005886
}