{
    "currentTime": 1629840428,
    "vMetricType": "VM Level",
    "vCpuTime": 2899640.9999999995,
    "vDiskSectorReads": 11270665.0,
    "vDiskSectorWrites": 34508146.0,
    "vNetworkBytesRecvd": 1773,
    "vNetworkBytesSent": 0,
    "vPgFault": 57269268,
    "vMajorPageFault": 36018,
    "vCpuTimeUserMode": 655490.0,
    "vCpuTimeKernelMode": 2244151.0,
    "vCpuIdleTime": 12756358.0,
    "vCpuTimeIOWait": 2501.0,
    "vCpuTimeIntSrvc": 0.0,
    "vCpuTimeSoftIntSrvc": 4966.0,
    "vCpuContextSwitches": 3990055400,
    "vCpuNice": 6844.0,
    "vCpuSteal": 0.0,
    "vBootTime": 1629761283.0,
    "vDiskSuccessfulReads": 172962,
    "vDiskMergedReads": 75797,
    "vDiskReadTime": 59089,
    "vDiskSuccessfulWrites": 233100,
    "vDiskMergedWrites": 813212,
    "vDiskWriteTime": 126411,
    "vMemoryTotal": 4090962,
    "vMemoryFree": 187650,
    "vMemoryBuffers": 165212,
    "vMemoryCached": 1609753,
    "vLoadAvg": 2.10205078125,
    "vId": "unavailable",
    "vCpuType": "Intel(R) Core(TM) i7-10875H CPU @ 2.30GHz",
    "vCpuMhz": 2304.006,
    "VM_Write_Time": 0.006392
} 
